label,precision,recall,f1_score,support
kritik_juri_panitia,0.9588313413014609,0.9537648612945839,0.9562913907284769,757
netral,0.9026548672566371,0.9473684210526315,0.9244712990936556,323
pro_peserta,0.75,0.625,0.6818181818181818,72
