accuracy,precision_weighted,recall_weighted,f1_weighted
0.9314236111111112,0.930028513445399,0.9314236111111112,0.9302150360066119
